task,case,algorithm,seed,epoch,global_step,return,actual_best,should_stop
sz_air_ppo,SZ Air,PPO,42,25,67200,-4621.722518987518,True,False
sz_air_ppo,SZ Air,PPO,42,50,134400,-2425.1747129275536,True,False
sz_air_ppo,SZ Air,PPO,42,75,201600,-693.7040413878858,True,False
sz_air_ppo,SZ Air,PPO,42,100,268800,-649.3464146678502,True,False
sz_air_ppo,SZ Air,PPO,42,125,336000,-601.188554382478,True,False
sz_air_ppo,SZ Air,PPO,42,150,403200,-585.4127595315701,True,False
sz_air_ppo,SZ Air,PPO,42,175,470400,-573.4053504175474,True,False
sz_air_ppo,SZ Air,PPO,42,200,537600,-571.1531811447775,True,False
sz_air_ppo,SZ Air,PPO,42,225,604800,-568.8316356494437,True,False
sz_air_ppo,SZ Air,PPO,42,250,672000,-564.7505614115222,True,False
sz_air_ppo,SZ Air,PPO,42,275,739200,-559.4797966651404,True,False
sz_air_ppo,SZ Air,PPO,42,300,806400,-559.2087640668586,True,False
sz_air_ppo,SZ Air,PPO,42,325,873600,-557.1982582583171,True,False
sz_air_ppo,SZ Air,PPO,42,350,940800,-555.211146329946,True,False
sz_air_ppo,SZ Air,PPO,42,375,1008000,-552.3616807740248,True,False
sz_air_ppo,SZ Air,PPO,42,400,1075200,-549.5546714795055,True,False
sz_air_ppo,SZ Air,PPO,42,425,1142400,-548.6419236384482,True,False
sz_air_ppo,SZ Air,PPO,42,450,1209600,-550.1476595097756,False,False
sz_air_ppo,SZ Air,PPO,42,475,1276800,-547.2488202384812,True,True
sz_air_ppo,SZ Air,PPO,1337,25,67200,-5022.682344098802,True,False
sz_air_ppo,SZ Air,PPO,1337,50,134400,-3569.1946901599786,True,False
sz_air_ppo,SZ Air,PPO,1337,75,201600,-957.973184156542,True,False
sz_air_ppo,SZ Air,PPO,1337,100,268800,-632.4617355683345,True,False
sz_air_ppo,SZ Air,PPO,1337,125,336000,-604.8971507310339,True,False
sz_air_ppo,SZ Air,PPO,1337,150,403200,-576.6458084244666,True,False
sz_air_ppo,SZ Air,PPO,1337,175,470400,-568.8030225448922,True,False
sz_air_ppo,SZ Air,PPO,1337,200,537600,-565.8728366424054,True,False
sz_air_ppo,SZ Air,PPO,1337,225,604800,-568.128877606495,False,False
sz_air_ppo,SZ Air,PPO,1337,250,672000,-561.8435739998018,True,False
sz_air_ppo,SZ Air,PPO,1337,275,739200,-556.0309244597308,True,False
sz_air_ppo,SZ Air,PPO,1337,300,806400,-558.0882832752736,False,False
sz_air_ppo,SZ Air,PPO,1337,325,873600,-557.224464820982,False,False
sz_air_ppo,SZ Air,PPO,1337,350,940800,-555.5757123435219,True,True
sz_air_ppo,SZ Air,PPO,2026,25,67200,-3628.027363542802,True,False
sz_air_ppo,SZ Air,PPO,2026,50,134400,-724.2148558022866,True,False
sz_air_ppo,SZ Air,PPO,2026,75,201600,-668.5269427851118,True,False
sz_air_ppo,SZ Air,PPO,2026,100,268800,-617.2302342955892,True,False
sz_air_ppo,SZ Air,PPO,2026,125,336000,-604.8649715073892,True,False
sz_air_ppo,SZ Air,PPO,2026,150,403200,-591.7693161568359,True,False
sz_air_ppo,SZ Air,PPO,2026,175,470400,-586.7505995298197,True,False
sz_air_ppo,SZ Air,PPO,2026,200,537600,-578.2265136288132,True,False
sz_air_ppo,SZ Air,PPO,2026,225,604800,-575.3491618113585,True,False
sz_air_ppo,SZ Air,PPO,2026,250,672000,-573.5948738343179,True,False
sz_air_ppo,SZ Air,PPO,2026,275,739200,-568.4846409039949,True,False
sz_air_ppo,SZ Air,PPO,2026,300,806400,-567.406831627101,True,False
sz_air_ppo,SZ Air,PPO,2026,325,873600,-565.3790091100528,True,False
sz_air_ppo,SZ Air,PPO,2026,350,940800,-563.3389237213738,True,True
mz_hydro_ppo,MZ Hydro,PPO,42,25,48000,-585.4277593559073,True,False
mz_hydro_ppo,MZ Hydro,PPO,42,50,96000,-615.1458082736008,False,False
mz_hydro_ppo,MZ Hydro,PPO,42,75,144000,-613.9296830393896,False,False
mz_hydro_ppo,MZ Hydro,PPO,42,100,192000,-608.7326231808845,False,False
mz_hydro_ppo,MZ Hydro,PPO,42,125,240000,-609.9184500568585,False,False
mz_hydro_ppo,MZ Hydro,PPO,42,150,288000,-610.7437902924205,False,False
mz_hydro_ppo,MZ Hydro,PPO,42,175,336000,-603.3244492555601,False,True
mz_hydro_ppo,MZ Hydro,PPO,1337,25,48000,-604.9287974519739,True,False
mz_hydro_ppo,MZ Hydro,PPO,1337,50,96000,-617.318309647102,False,False
mz_hydro_ppo,MZ Hydro,PPO,1337,75,144000,-613.9262372275005,False,False
mz_hydro_ppo,MZ Hydro,PPO,1337,100,192000,-612.3524466278568,False,False
mz_hydro_ppo,MZ Hydro,PPO,1337,125,240000,-616.9219101358688,False,False
mz_hydro_ppo,MZ Hydro,PPO,1337,150,288000,-619.3349031619853,False,False
mz_hydro_ppo,MZ Hydro,PPO,1337,175,336000,-609.238134235824,False,True
mz_hydro_ppo,MZ Hydro,PPO,2026,25,48000,-592.3998389421517,True,False
mz_hydro_ppo,MZ Hydro,PPO,2026,50,96000,-612.1700689657064,False,False
mz_hydro_ppo,MZ Hydro,PPO,2026,75,144000,-613.7391706034595,False,False
mz_hydro_ppo,MZ Hydro,PPO,2026,100,192000,-613.1505234098959,False,False
mz_hydro_ppo,MZ Hydro,PPO,2026,125,240000,-609.4017112984984,False,False
mz_hydro_ppo,MZ Hydro,PPO,2026,150,288000,-608.352983099835,False,False
mz_hydro_ppo,MZ Hydro,PPO,2026,175,336000,-610.109282112954,False,True
mz_air_ppo,MZ Air,PPO,42,25,67200,-1085.350502125033,True,False
mz_air_ppo,MZ Air,PPO,42,50,134400,-3257.624228360633,False,False
mz_air_ppo,MZ Air,PPO,42,75,201600,-1315.7085009524421,False,False
mz_air_ppo,MZ Air,PPO,42,100,268800,-745.0980712792716,True,False
mz_air_ppo,MZ Air,PPO,42,125,336000,-793.0527673377554,False,False
mz_air_ppo,MZ Air,PPO,42,150,403200,-731.1018976974015,True,False
mz_air_ppo,MZ Air,PPO,42,175,470400,-670.737525036935,True,False
mz_air_ppo,MZ Air,PPO,42,200,537600,-665.758517481446,True,False
mz_air_ppo,MZ Air,PPO,42,225,604800,-652.305635182897,True,False
mz_air_ppo,MZ Air,PPO,42,250,672000,-616.1331995349053,True,False
mz_air_ppo,MZ Air,PPO,42,275,739200,-620.0227606473869,False,False
mz_air_ppo,MZ Air,PPO,42,300,806400,-609.2556470466998,True,False
mz_air_ppo,MZ Air,PPO,42,325,873600,-606.425804029288,True,False
mz_air_ppo,MZ Air,PPO,42,350,940800,-617.6108104808143,False,False
mz_air_ppo,MZ Air,PPO,42,375,1008000,-605.9288511032619,True,True
mz_air_ppo,MZ Air,PPO,1337,25,67200,-1040.4615973921748,True,False
mz_air_ppo,MZ Air,PPO,1337,50,134400,-4025.4150417444293,False,False
mz_air_ppo,MZ Air,PPO,1337,75,201600,-1218.5233420105,False,False
mz_air_ppo,MZ Air,PPO,1337,100,268800,-900.1914009814017,True,False
mz_air_ppo,MZ Air,PPO,1337,125,336000,-942.5524458683433,False,False
mz_air_ppo,MZ Air,PPO,1337,150,403200,-673.253299654019,True,False
mz_air_ppo,MZ Air,PPO,1337,175,470400,-671.0173492309068,True,False
mz_air_ppo,MZ Air,PPO,1337,200,537600,-640.4212394582407,True,False
mz_air_ppo,MZ Air,PPO,1337,225,604800,-636.690395517431,True,False
mz_air_ppo,MZ Air,PPO,1337,250,672000,-631.7788082126968,True,False
mz_air_ppo,MZ Air,PPO,1337,275,739200,-625.6650334496053,True,False
mz_air_ppo,MZ Air,PPO,1337,300,806400,-621.4058204027679,True,False
mz_air_ppo,MZ Air,PPO,1337,325,873600,-619.1996526975984,True,False
mz_air_ppo,MZ Air,PPO,1337,350,940800,-613.2837195850736,True,False
mz_air_ppo,MZ Air,PPO,1337,375,1008000,-618.8999199433083,False,False
mz_air_ppo,MZ Air,PPO,1337,400,1075200,-611.9429209096386,True,False
mz_air_ppo,MZ Air,PPO,1337,425,1142400,-612.41630684762,False,True
mz_air_ppo,MZ Air,PPO,2026,25,67200,-828.186927381279,True,False
mz_air_ppo,MZ Air,PPO,2026,50,134400,-1243.330452290801,False,False
mz_air_ppo,MZ Air,PPO,2026,75,201600,-829.1631644742572,False,False
mz_air_ppo,MZ Air,PPO,2026,100,268800,-814.5200875132194,True,False
mz_air_ppo,MZ Air,PPO,2026,125,336000,-950.052724627468,False,False
mz_air_ppo,MZ Air,PPO,2026,150,403200,-747.305581095977,True,False
mz_air_ppo,MZ Air,PPO,2026,175,470400,-724.0349096497166,True,False
mz_air_ppo,MZ Air,PPO,2026,200,537600,-660.0245045870872,True,False
mz_air_ppo,MZ Air,PPO,2026,225,604800,-658.28677206064,True,False
mz_air_ppo,MZ Air,PPO,2026,250,672000,-674.7959467616731,False,False
mz_air_ppo,MZ Air,PPO,2026,275,739200,-628.6152374954063,True,False
mz_air_ppo,MZ Air,PPO,2026,300,806400,-627.2026673253936,True,False
mz_air_ppo,MZ Air,PPO,2026,325,873600,-627.9677037670015,False,False
mz_air_ppo,MZ Air,PPO,2026,350,940800,-621.6960693464365,True,False
mz_air_ppo,MZ Air,PPO,2026,375,1008000,-619.406171653206,True,False
mz_air_ppo,MZ Air,PPO,2026,400,1075200,-617.7574383795463,True,False
mz_air_ppo,MZ Air,PPO,2026,425,1142400,-612.0293784559877,True,False
mz_air_ppo,MZ Air,PPO,2026,450,1209600,-646.099779575012,False,False
mz_air_ppo,MZ Air,PPO,2026,475,1276800,-629.0186382849308,False,False
mz_air_ppo,MZ Air,PPO,2026,500,1344000,-623.9665886354351,False,True
mz_hydro_mappo,MZ Hydro,MAPPO,42,25,48000,-588.6785887917433,True,False
mz_hydro_mappo,MZ Hydro,MAPPO,42,50,96000,-580.5249690622027,True,False
mz_hydro_mappo,MZ Hydro,MAPPO,42,75,144000,-544.5107448933218,True,False
mz_hydro_mappo,MZ Hydro,MAPPO,42,100,192000,-551.755186270204,False,False
mz_hydro_mappo,MZ Hydro,MAPPO,42,125,240000,-544.7667980158855,False,False
mz_hydro_mappo,MZ Hydro,MAPPO,42,150,288000,-540.381249635823,True,False
mz_hydro_mappo,MZ Hydro,MAPPO,42,175,336000,-535.2411890128417,True,False
mz_hydro_mappo,MZ Hydro,MAPPO,42,200,384000,-535.5163607489228,False,False
mz_hydro_mappo,MZ Hydro,MAPPO,42,225,432000,-536.4279271142924,False,False
mz_hydro_mappo,MZ Hydro,MAPPO,42,250,480000,-536.526106885152,False,True
mz_hydro_mappo,MZ Hydro,MAPPO,1337,25,48000,-602.4709287075668,True,False
mz_hydro_mappo,MZ Hydro,MAPPO,1337,50,96000,-573.5358885689377,True,False
mz_hydro_mappo,MZ Hydro,MAPPO,1337,75,144000,-556.1312723340764,True,False
mz_hydro_mappo,MZ Hydro,MAPPO,1337,100,192000,-553.5633488052099,True,False
mz_hydro_mappo,MZ Hydro,MAPPO,1337,125,240000,-551.6970618565051,True,False
mz_hydro_mappo,MZ Hydro,MAPPO,1337,150,288000,-542.6064602005224,True,False
mz_hydro_mappo,MZ Hydro,MAPPO,1337,175,336000,-541.6414432274308,True,False
mz_hydro_mappo,MZ Hydro,MAPPO,1337,200,384000,-537.1110365469681,True,False
mz_hydro_mappo,MZ Hydro,MAPPO,1337,225,432000,-544.7239010244438,False,False
mz_hydro_mappo,MZ Hydro,MAPPO,1337,250,480000,-538.6318215394164,False,False
mz_hydro_mappo,MZ Hydro,MAPPO,1337,275,528000,-535.6479374619714,True,True
mz_hydro_mappo,MZ Hydro,MAPPO,2026,25,48000,-578.8173164284668,True,False
mz_hydro_mappo,MZ Hydro,MAPPO,2026,50,96000,-566.7735509490007,True,False
mz_hydro_mappo,MZ Hydro,MAPPO,2026,75,144000,-565.0054755478717,True,False
mz_hydro_mappo,MZ Hydro,MAPPO,2026,100,192000,-553.6246069230325,True,False
mz_hydro_mappo,MZ Hydro,MAPPO,2026,125,240000,-562.3926695356145,False,False
mz_hydro_mappo,MZ Hydro,MAPPO,2026,150,288000,-552.2112486932177,True,False
mz_hydro_mappo,MZ Hydro,MAPPO,2026,175,336000,-553.5713709715633,False,True
mz_air_mappo,MZ Air,MAPPO,42,25,67200,-661.8223942300531,True,False
mz_air_mappo,MZ Air,MAPPO,42,50,134400,-626.9405549481605,True,False
mz_air_mappo,MZ Air,MAPPO,42,75,201600,-805.1420594747585,False,False
mz_air_mappo,MZ Air,MAPPO,42,100,268800,-910.9414863509367,False,False
mz_air_mappo,MZ Air,MAPPO,42,125,336000,-983.3935810137123,False,False
mz_air_mappo,MZ Air,MAPPO,42,150,403200,-716.459443522105,False,False
mz_air_mappo,MZ Air,MAPPO,42,175,470400,-718.2455279440587,False,True
mz_air_mappo,MZ Air,MAPPO,1337,25,67200,-725.9473710637544,True,False
mz_air_mappo,MZ Air,MAPPO,1337,50,134400,-1049.8663631077825,False,False
mz_air_mappo,MZ Air,MAPPO,1337,75,201600,-823.9586989128939,False,False
mz_air_mappo,MZ Air,MAPPO,1337,100,268800,-986.6148773060038,False,False
mz_air_mappo,MZ Air,MAPPO,1337,125,336000,-765.088234716629,False,False
mz_air_mappo,MZ Air,MAPPO,1337,150,403200,-907.792841157167,False,False
mz_air_mappo,MZ Air,MAPPO,1337,175,470400,-1107.7202247351577,False,True
mz_air_mappo,MZ Air,MAPPO,2026,25,67200,-620.6006063771131,True,False
mz_air_mappo,MZ Air,MAPPO,2026,50,134400,-655.5203666629852,False,False
mz_air_mappo,MZ Air,MAPPO,2026,75,201600,-861.4700455069342,False,False
mz_air_mappo,MZ Air,MAPPO,2026,100,268800,-705.0664292052109,False,False
mz_air_mappo,MZ Air,MAPPO,2026,125,336000,-625.0798980197694,False,False
mz_air_mappo,MZ Air,MAPPO,2026,150,403200,-686.6071276056683,False,False
mz_air_mappo,MZ Air,MAPPO,2026,175,470400,-685.12132029828,False,True
